<?xml version="1.0" encoding="UTF-8"?>
<project-private xmlns="http://www.netbeans.org/ns/project-private/1">
    <editor-bookmarks xmlns="http://www.netbeans.org/ns/editor-bookmarks/2" lastBookmarkId="0"/>
    <open-files xmlns="http://www.netbeans.org/ns/projectui-open-files/2">
        <group>
            <file>file:/C:/Users/Olesy/Documents/NetBeansProjects/WS/src/ws/Profil_1.java</file>
            <file>file:/C:/Users/Olesy/Documents/NetBeansProjects/WS/src/ws/GhostText.java</file>
            <file>file:/C:/Users/Olesy/Documents/NetBeansProjects/WS/src/ws/Yppol.java</file>
            <file>file:/C:/Users/Olesy/Documents/NetBeansProjects/WS/src/ws/Profil.java</file>
            <file>file:/C:/Users/Olesy/Documents/NetBeansProjects/WS/src/ws/Aut.java</file>
            <file>file:/C:/Users/Olesy/Documents/NetBeansProjects/WS/src/ws/MyDBConnection.java</file>
        </group>
    </open-files>
</project-private>
